SKU,Name,Collection,Category,Gender,Color,Url
1121210700,,GIRLS          ,Bottoms,GIRLS          ,Dark Melange,https://wtdm.s3-ap-southeast-1.amazonaws.com/03_Prod/Fox/SS20_FTP/1121210700-2.JPG
1121211000,,GIRLS          ,Bottoms,GIRLS          ,Navy,https://wtdm.s3-ap-southeast-1.amazonaws.com/03_Prod/Fox/SS20_FTP/1121211000-1.JPG
3100130200,,BOYS           ,Bottoms,BOYS           ,Black,https://wtdm.s3-ap-southeast-1.amazonaws.com/03_Prod/Fox/SS20_FTP/3100130200-1.JPG
3107040200,,BABY-GIRL      ,Bottoms,BABY-GIRL      ,Black,https://wtdm.s3-ap-southeast-1.amazonaws.com/03_Prod/Fox/SS20_FTP/310704-3.JPG
3107042500,,BABY-GIRL      ,Bottoms,BABY-GIRL      ,Fuchsia,https://wtdm.s3-ap-southeast-1.amazonaws.com/03_Prod/Fox/SS20_FTP/310704-6.JPG
3107042499,,BABY-GIRL      ,Bottoms,BABY-GIRL      ,Stone Melange,https://wtdm.s3-ap-southeast-1.amazonaws.com/03_Prod/Fox/SS20_FTP/310704-1.JPG
3107040700,,BABY-GIRL      ,Bottoms,BABY-GIRL      ,Dark Melange,https://wtdm.s3-ap-southeast-1.amazonaws.com/03_Prod/Fox/SS20_FTP/310704-4.JPG
3107040600,,BABY-GIRL      ,Bottoms,BABY-GIRL      ,Black Melange,https://wtdm.s3-ap-southeast-1.amazonaws.com/03_Prod/Fox/SS20_FTP/310704-5.JPG
3121930200,,BOYS           ,Bottoms,BOYS           ,Black,https://wtdm.s3-ap-southeast-1.amazonaws.com/03_Prod/Fox/SS20_FTP/3121930200-3.JPG
3121931000,,BOYS           ,Bottoms,BOYS           ,Navy,https://wtdm.s3-ap-southeast-1.amazonaws.com/03_Prod/Fox/SS20_FTP/3121931000-2.JPG
3121930700,,BOYS           ,Bottoms,BOYS           ,Dark Melange,https://wtdm.s3-ap-southeast-1.amazonaws.com/03_Prod/Fox/SS20_FTP/3121930700-1.JPG
3121950500,,BOYS           ,Bottoms,BOYS           ,Grey Melange,https://wtdm.s3-ap-southeast-1.amazonaws.com/03_Prod/Fox/SS20_FTP/3121950500-1.JPG
3121965800,,BOYS           ,Bottoms,BOYS           ,Grey,https://wtdm.s3-ap-southeast-1.amazonaws.com/03_Prod/Fox/SS20_FTP/3121965800-1.JPG
3121980200,,BOYS           ,Bottoms,BOYS           ,Black,https://wtdm.s3-ap-southeast-1.amazonaws.com/03_Prod/Fox/SS20_FTP/3121980200-1.JPG
3121985800,,BOYS           ,Bottoms,BOYS           ,Grey,https://wtdm.s3-ap-southeast-1.amazonaws.com/03_Prod/Fox/SS20_FTP/3121985800-1.JPG
3121991197,,BOYS           ,Bottoms,BOYS           ,Black Jeans,https://wtdm.s3-ap-southeast-1.amazonaws.com/03_Prod/Fox/SS20_FTP/3121991197-1.JPG
3121991199,,BOYS           ,Bottoms,BOYS           ,Light Jeans,https://wtdm.s3-ap-southeast-1.amazonaws.com/03_Prod/Fox/SS20_FTP/3121991199-1.JPG
3126710358,,BABY-BOYS      ,Bottoms,BABY-BOYS      ,Grey Grit,https://wtdm.s3-ap-southeast-1.amazonaws.com/03_Prod/Fox/SS20_FTP/3126710358-2.JPG
3126851158,,BABY-BOYS      ,Bottoms,BABY-BOYS      ,Jeans Grey,https://wtdm.s3-ap-southeast-1.amazonaws.com/03_Prod/Fox/SS20_FTP/3126851158-1.JPG
3126851199,,BABY-BOYS      ,Bottoms,BABY-BOYS      ,Light Jeans,https://wtdm.s3-ap-southeast-1.amazonaws.com/03_Prod/Fox/SS20_FTP/3126851199-2.JPG
3126890200,,BABY-BOYS      ,Bottoms,BABY-BOYS      ,Black,https://wtdm.s3-ap-southeast-1.amazonaws.com/03_Prod/Fox/SS20_FTP/3126890200-1.JPG
3126951114,,BABY-BOYS      ,Bottoms,BABY-BOYS      ,Jeans,https://wtdm.s3-ap-southeast-1.amazonaws.com/03_Prod/Fox/SS20_FTP/3126951114-1.JPG
3126951158,,BABY-BOYS      ,Bottoms,BABY-BOYS      ,Jeans Grey,https://wtdm.s3-ap-southeast-1.amazonaws.com/03_Prod/Fox/SS20_FTP/3126951158-1.JPG
3126960700,,BABY-BOYS      ,Bottoms,BABY-BOYS      ,Dark Melange,https://wtdm.s3-ap-southeast-1.amazonaws.com/03_Prod/Fox/SS20_FTP/3126960700-1.JPG
3126960900,,BABY-BOYS      ,Bottoms,BABY-BOYS      ,Royal Blue,https://wtdm.s3-ap-southeast-1.amazonaws.com/03_Prod/Fox/SS20_FTP/3126960900-3.JPG
3126981197,,BABY-GIRL      ,Dresses,BABY-GIRL      ,Black Jeans,https://wtdm.s3-ap-southeast-1.amazonaws.com/03_Prod/Fox/SS20_FTP/3126981197-1.JPG
3127061114,,BABY-BOYS      ,Bottoms,BABY-BOYS      ,Jeans,https://wtdm.s3-ap-southeast-1.amazonaws.com/03_Prod/Fox/SS20_FTP/3127061114-2.JPG
3127061197,,BABY-BOYS      ,Bottoms,BABY-BOYS      ,Black Jeans,https://wtdm.s3-ap-southeast-1.amazonaws.com/03_Prod/Fox/SS20_FTP/3127061197-1.JPG
3151241085,,BOYS           ,Bottoms,BOYS           ,Dark Navy,https://wtdm.s3-ap-southeast-1.amazonaws.com/03_Prod/Fox/SS20_FTP/315124-3.JPG
3151245700,,BOYS           ,Bottoms,BOYS           ,Dark Grey,https://wtdm.s3-ap-southeast-1.amazonaws.com/03_Prod/Fox/SS20_FTP/315124-4.JPG
3151246361,,BOYS           ,Bottoms,BOYS           ,Camel,https://wtdm.s3-ap-southeast-1.amazonaws.com/03_Prod/Fox/SS20_FTP/315124-7.JPG
3151248400,,BOYS           ,Bottoms,BOYS           ,Army Green,https://wtdm.s3-ap-southeast-1.amazonaws.com/03_Prod/Fox/SS20_FTP/315124-5.JPG
3151261085,,BOYS           ,Bottoms,BOYS           ,Dark Navy,https://wtdm.s3-ap-southeast-1.amazonaws.com/03_Prod/Fox/SS20_FTP/3151261085-1.JPG
3151266361,,BOYS           ,Bottoms,BOYS           ,Camel,https://wtdm.s3-ap-southeast-1.amazonaws.com/03_Prod/Fox/SS20_FTP/3151266361-2.JPG
3151301723,,BOYS           ,Bottoms,BOYS           ,Olive & Khaki,https://wtdm.s3-ap-southeast-1.amazonaws.com/03_Prod/Fox/SS20_FTP/3151301723-1.JPG
3151306361,,BOYS           ,Bottoms,BOYS           ,Camel,https://wtdm.s3-ap-southeast-1.amazonaws.com/03_Prod/Fox/SS20_FTP/3151306361-1.JPG
3160600200,,BOYS           ,Bottoms,BOYS           ,Black,https://wtdm.s3-ap-southeast-1.amazonaws.com/03_Prod/Fox/SS20_FTP/3160600200-2.JPG
3160710200,,BOYS           ,Bottoms,BOYS           ,Black,https://wtdm.s3-ap-southeast-1.amazonaws.com/03_Prod/Fox/SS20_FTP/3160710200-1.JPG
3160840800,,BOYS           ,Bottoms,BOYS           ,Sky Blue,https://wtdm.s3-ap-southeast-1.amazonaws.com/03_Prod/Fox/SS20_FTP/3160840800-1.JPG
3160931702,,BOYS           ,Bottoms,BOYS           ,Dark Olive,https://wtdm.s3-ap-southeast-1.amazonaws.com/03_Prod/Fox/SS20_FTP/3160931702-2.JPG
3160935800,,BOYS           ,Bottoms,BOYS           ,Grey,https://wtdm.s3-ap-southeast-1.amazonaws.com/03_Prod/Fox/SS20_FTP/3160935800-1.JPG
3160940227,,BOYS           ,Bottoms,BOYS           ,Black/Como,https://wtdm.s3-ap-southeast-1.amazonaws.com/03_Prod/Fox/SS20_FTP/316094-4.JPG
3177042599,,BABY-GIRL      ,Dresses,BABY-GIRL      ,Light Fuchsia,https://wtdm.s3-ap-southeast-1.amazonaws.com/03_Prod/Fox/SS20_FTP/3177042599-1.JPG
3177046800,,BABY-GIRL      ,Dresses,BABY-GIRL      ,Yellow,https://wtdm.s3-ap-southeast-1.amazonaws.com/03_Prod/Fox/SS20_FTP/3177046800-2.JPG
3177052599,,BABY-GIRL      ,Dresses,BABY-GIRL      ,Light Fuchsia,https://wtdm.s3-ap-southeast-1.amazonaws.com/03_Prod/Fox/SS20_FTP/3177052599-2.JPG
3191301110,,BOYS           ,Bottoms,BOYS           ,Jeans & Navy,https://wtdm.s3-ap-southeast-1.amazonaws.com/03_Prod/Fox/SS20_FTP/3191301110-1.JPG
3191311199,,BOYS           ,Bottoms,BOYS           ,Light Jeans,https://wtdm.s3-ap-southeast-1.amazonaws.com/03_Prod/Fox/SS20_FTP/3191311199-1.JPG
3197791199,,BABY-GIRL      ,Bottoms,BABY-GIRL      ,Light Jeans,https://wtdm.s3-ap-southeast-1.amazonaws.com/03_Prod/Fox/SS20_FTP/3197791199-1.JPG
3197819400,,BABY-GIRL      ,Tops,BABY-GIRL      ,Off White,https://wtdm.s3-ap-southeast-1.amazonaws.com/03_Prod/Fox/SS20_FTP/3197819400-3.JPG
3205119400,,BABY-GIRL      ,Tops,BABY-GIRL      ,Off White,https://wtdm.s3-ap-southeast-1.amazonaws.com/03_Prod/Fox/SS20_FTP/3205119400-1.JPG
3205123800,,BABY-GIRL      ,Tops,BABY-GIRL      ,Pastel Pink,https://wtdm.s3-ap-southeast-1.amazonaws.com/03_Prod/Fox/SS20_FTP/3205123800-1.JPG
3205130500,,BABY-GIRL      ,Tops,BABY-GIRL      ,Grey Melange,https://wtdm.s3-ap-southeast-1.amazonaws.com/03_Prod/Fox/SS20_FTP/3205130500-1.JPG
3205141800,,BABY-BOYS      ,Tops,BABY-BOYS      ,Light Green,https://wtdm.s3-ap-southeast-1.amazonaws.com/03_Prod/Fox/SS20_FTP/3205141800-1.JPG
3205160100,,BABY-BOYS      ,Tops,BABY-BOYS      ,White,https://wtdm.s3-ap-southeast-1.amazonaws.com/03_Prod/Fox/SS20_FTP/3205160100-2.JPG
3205229400,,BABY-GIRL      ,Tops,BABY-GIRL      ,Off White,https://wtdm.s3-ap-southeast-1.amazonaws.com/03_Prod/Fox/SS20_FTP/3205229400-1.JPG
3205233800,,BABY-GIRL      ,Tops,BABY-GIRL      ,Pastel Pink,https://wtdm.s3-ap-southeast-1.amazonaws.com/03_Prod/Fox/SS20_FTP/3205233800-2.JPG
3205250100,,BABY-BOYS      ,Tops,BABY-BOYS      ,White,https://wtdm.s3-ap-southeast-1.amazonaws.com/03_Prod/Fox/SS20_FTP/3205250100-1.JPG
3205261000,,BABY-BOYS      ,Tops,BABY-BOYS      ,Navy,https://wtdm.s3-ap-southeast-1.amazonaws.com/03_Prod/Fox/SS20_FTP/3205261000-1.JPG
3205281100,,BABY-BOYS      ,Tops,BABY-BOYS      ,Petrol Blue,https://wtdm.s3-ap-southeast-1.amazonaws.com/03_Prod/Fox/SS20_FTP/320528-3.JPG
3205282499,,BABY-BOYS      ,Tops,BABY-BOYS      ,Stone Melange,https://wtdm.s3-ap-southeast-1.amazonaws.com/03_Prod/Fox/SS20_FTP/320528-4.JPG
3205289996,,BABY-BOYS      ,Tops,BABY-BOYS      ,Green,https://wtdm.s3-ap-southeast-1.amazonaws.com/03_Prod/Fox/SS20_FTP/320528-1.JPG
3205321000,,BABY-BOYS      ,Tops,BABY-BOYS      ,Navy,https://wtdm.s3-ap-southeast-1.amazonaws.com/03_Prod/Fox/SS20_FTP/3205321000-2.JPG
3205326700,,BABY-BOYS      ,Tops,BABY-BOYS      ,Light Yellow,https://wtdm.s3-ap-southeast-1.amazonaws.com/03_Prod/Fox/SS20_FTP/3205326700-1.JPG
3205333701,,BABY-GIRL      ,Tops,BABY-GIRL      ,Light Smoke Pink,https://wtdm.s3-ap-southeast-1.amazonaws.com/03_Prod/Fox/SS20_FTP/3205333701-1.JPG
3205335700,,BABY-GIRL      ,Tops,BABY-GIRL      ,Dark Grey,https://wtdm.s3-ap-southeast-1.amazonaws.com/03_Prod/Fox/SS20_FTP/3205335700-1.JPG
3205340100,,BABY-GIRL      ,Tops,BABY-GIRL      ,White,https://wtdm.s3-ap-southeast-1.amazonaws.com/03_Prod/Fox/SS20_FTP/3205340100-1.JPG
3205360100,,BABY-GIRL      ,Tops,BABY-GIRL      ,White,https://wtdm.s3-ap-southeast-1.amazonaws.com/03_Prod/Fox/SS20_FTP/3205360100-1.JPG
3205370900,,BABY-BOYS      ,Tops,BABY-BOYS      ,Royal Blue,https://wtdm.s3-ap-southeast-1.amazonaws.com/03_Prod/Fox/SS20_FTP/3205370900-1.JPG
3205376800,,BABY-BOYS      ,Tops,BABY-BOYS      ,Yellow,https://wtdm.s3-ap-southeast-1.amazonaws.com/03_Prod/Fox/SS20_FTP/3205376800-1.JPG
3205390100,,BABY-BOYS      ,Tops,BABY-BOYS      ,White,https://wtdm.s3-ap-southeast-1.amazonaws.com/03_Prod/Fox/SS20_FTP/3205390100-2.JPG
3205400100,,BABY-BOYS      ,Tops,BABY-BOYS      ,White,https://wtdm.s3-ap-southeast-1.amazonaws.com/03_Prod/Fox/SS20_FTP/320540-1.JPG
3205402499,,BABY-BOYS      ,Tops,BABY-BOYS      ,Stone Melange,https://wtdm.s3-ap-southeast-1.amazonaws.com/03_Prod/Fox/SS20_FTP/320540-5.JPG
3205400900,,BABY-BOYS      ,Tops,BABY-BOYS      ,Royal Blue,https://wtdm.s3-ap-southeast-1.amazonaws.com/03_Prod/Fox/SS20_FTP/320540-4.JPG
3205400700,,BABY-BOYS      ,Tops,BABY-BOYS      ,Dark Melange,https://wtdm.s3-ap-southeast-1.amazonaws.com/03_Prod/Fox/SS20_FTP/320540-3.JPG
3205400200,,BABY-BOYS      ,Tops,BABY-BOYS      ,Black,https://wtdm.s3-ap-southeast-1.amazonaws.com/03_Prod/Fox/SS20_FTP/320540-2.JPG
3205410500,,BABY-BOYS      ,Tops,BABY-BOYS      ,Grey Melange,https://wtdm.s3-ap-southeast-1.amazonaws.com/03_Prod/Fox/SS20_FTP/3205410500-1.JPG
3205417300,,BABY-BOYS      ,Tops,BABY-BOYS      ,Mustard,https://wtdm.s3-ap-southeast-1.amazonaws.com/03_Prod/Fox/SS20_FTP/3205417300-1.JPG
3205420700,,BABY-BOYS      ,Tops,BABY-BOYS      ,Dark Melange,https://wtdm.s3-ap-southeast-1.amazonaws.com/03_Prod/Fox/SS20_FTP/3205420700-1.JPG
3205429400,,BABY-BOYS      ,Tops,BABY-BOYS      ,Off White,https://wtdm.s3-ap-southeast-1.amazonaws.com/03_Prod/Fox/SS20_FTP/3205429400-1.JPG
3205440500,,BABY-GIRL      ,Tops,BABY-GIRL      ,Grey Melange,https://wtdm.s3-ap-southeast-1.amazonaws.com/03_Prod/Fox/SS20_FTP/3205440500-1.JPG
3205444399,,BABY-GIRL      ,Tops,BABY-GIRL      ,Light Purple,https://wtdm.s3-ap-southeast-1.amazonaws.com/03_Prod/Fox/SS20_FTP/3205444399-1.JPG
3205443800,,BABY-GIRL      ,Tops,BABY-GIRL      ,Pastel Pink,https://wtdm.s3-ap-southeast-1.amazonaws.com/03_Prod/Fox/SS20_FTP/3205443800-1.JPG
3205442599,,BABY-GIRL      ,Tops,BABY-GIRL      ,Light Fuchsia,https://wtdm.s3-ap-southeast-1.amazonaws.com/03_Prod/Fox/SS20_FTP/3205442599-1.JPG
3205441000,,BABY-GIRL      ,Tops,BABY-GIRL      ,Navy,https://wtdm.s3-ap-southeast-1.amazonaws.com/03_Prod/Fox/SS20_FTP/3205441000-1.JPG
3205452599,,BABY-GIRL      ,Tops,BABY-GIRL      ,Light Fuchsia,https://wtdm.s3-ap-southeast-1.amazonaws.com/03_Prod/Fox/SS20_FTP/3205452499-1.JPG
3205456800,,BABY-GIRL      ,Tops,BABY-GIRL      ,Yellow,https://wtdm.s3-ap-southeast-1.amazonaws.com/03_Prod/Fox/SS20_FTP/3205456800-2.JPG
3205469400,,BABY-GIRL      ,Tops,BABY-GIRL      ,Off White,https://wtdm.s3-ap-southeast-1.amazonaws.com/03_Prod/Fox/SS20_FTP/3205469400-2.JPG
3205470100,,BABY-BOYS      ,Tops,BABY-BOYS      ,White,https://wtdm.s3-ap-southeast-1.amazonaws.com/03_Prod/Fox/SS20_FTP/32054701-1.JPG
3205489400,,BABY-BOYS      ,Tops,BABY-BOYS      ,Off White,https://wtdm.s3-ap-southeast-1.amazonaws.com/03_Prod/Fox/SS20_FTP/320548-1.JPG
3205645200,,BABY-BOYS      ,Tops,BABY-BOYS      ,Red,https://wtdm.s3-ap-southeast-1.amazonaws.com/03_Prod/Fox/SS20_FTP/3205645200-2.JPG
3205646800,,BABY-BOYS      ,Tops,BABY-BOYS      ,Yellow,https://wtdm.s3-ap-southeast-1.amazonaws.com/03_Prod/Fox/SS20_FTP/3205646800-1.JPG
3279961000,,BABY-BOYS      ,Tops,BABY-BOYS      ,Navy,https://wtdm.s3-ap-southeast-1.amazonaws.com/03_Prod/Fox/SS20_FTP/3279961000-1.JPG
3279971800,,BABY-BOYS      ,Tops,BABY-BOYS      ,Light Green,https://wtdm.s3-ap-southeast-1.amazonaws.com/03_Prod/Fox/SS20_FTP/3279971800-1.JPG
3280150100,,BOYS           ,Tops,BOYS           ,White,https://wtdm.s3-ap-southeast-1.amazonaws.com/03_Prod/Fox/SS20_FTP/328015-2.JPG
3280151085,,BOYS           ,Tops,BOYS           ,Dark Navy,https://wtdm.s3-ap-southeast-1.amazonaws.com/03_Prod/Fox/SS20_FTP/328015-3.JPG
3280150900,,BOYS           ,Tops,BOYS           ,Royal Blue,https://wtdm.s3-ap-southeast-1.amazonaws.com/03_Prod/Fox/SS20_FTP/328015-1.JPG
3280150200,,BOYS           ,Tops,BOYS           ,Black,https://wtdm.s3-ap-southeast-1.amazonaws.com/03_Prod/Fox/SS20_FTP/328015-5.JPG
3280165999,,BOYS           ,Tops,BOYS           ,Ice Grey,https://wtdm.s3-ap-southeast-1.amazonaws.com/03_Prod/Fox/SS20_FTP/328016-1.JPG
3280170100,,BOYS           ,Tops,BOYS           ,White,https://wtdm.s3-ap-southeast-1.amazonaws.com/03_Prod/Fox/SS20_FTP/328017-4.JPG
3280170200,,BOYS           ,Tops,BOYS           ,Black,https://wtdm.s3-ap-southeast-1.amazonaws.com/03_Prod/Fox/SS20_FTP/328017-6.JPG
3280170900,,BOYS           ,Tops,BOYS           ,Royal Blue,https://wtdm.s3-ap-southeast-1.amazonaws.com/03_Prod/Fox/SS20_FTP/328017-2.JPG
3280171085,,BOYS           ,Tops,BOYS           ,Dark Navy,https://wtdm.s3-ap-southeast-1.amazonaws.com/03_Prod/Fox/SS20_FTP/328017-1.JPG
3280175999,,BOYS           ,Tops,BOYS           ,Ice Grey,https://wtdm.s3-ap-southeast-1.amazonaws.com/03_Prod/Fox/SS20_FTP/328017-11.JPG
3280177400,,BOYS           ,Tops,BOYS           ,Light Turquoise,https://wtdm.s3-ap-southeast-1.amazonaws.com/03_Prod/Fox/SS20_FTP/328017-10.JPG
3280180100,,BOYS           ,Tops,BOYS           ,White,https://wtdm.s3-ap-southeast-1.amazonaws.com/03_Prod/Fox/SS20_FTP/328018-5.JPG
3280181085,,BOYS           ,Tops,BOYS           ,Dark Navy,https://wtdm.s3-ap-southeast-1.amazonaws.com/03_Prod/Fox/SS20_FTP/328018-1.JPG
3280187400,,BOYS           ,Tops,BOYS           ,Light Turquoise,https://wtdm.s3-ap-southeast-1.amazonaws.com/03_Prod/Fox/SS20_FTP/328018-4.JPG
3280190100,,BOYS           ,Tops,BOYS           ,White,https://wtdm.s3-ap-southeast-1.amazonaws.com/03_Prod/Fox/SS20_FTP/3280190100-1.JPG
3280200200,,BOYS           ,Tops,BOYS           ,Black,https://wtdm.s3-ap-southeast-1.amazonaws.com/03_Prod/Fox/SS20_FTP/3280200200-1.JPG
3280210900,,BOYS           ,Tops,BOYS           ,Royal Blue,https://wtdm.s3-ap-southeast-1.amazonaws.com/03_Prod/Fox/SS20_FTP/3280210900-2.JPG
3280223000,,BOYS           ,Tops,BOYS           ,Lime Green,https://wtdm.s3-ap-southeast-1.amazonaws.com/03_Prod/Fox/SS20_FTP/3280223000-1.JPG
3280230100,,BOYS           ,Tops,BOYS           ,White,https://wtdm.s3-ap-southeast-1.amazonaws.com/03_Prod/Fox/SS20_FTP/3280230100-2.JPG
3280255999,,BOYS           ,Tops,BOYS           ,Ice Grey,https://wtdm.s3-ap-southeast-1.amazonaws.com/03_Prod/Fox/SS20_FTP/3280255999-1.JPG
3280260900,,BOYS           ,Tops,BOYS           ,Royal Blue,https://wtdm.s3-ap-southeast-1.amazonaws.com/03_Prod/Fox/SS20_FTP/328026-3.JPG
3280280200,,BOYS           ,Tops,BOYS           ,Black,https://wtdm.s3-ap-southeast-1.amazonaws.com/03_Prod/Fox/SS20_FTP/3280280200-1.JPG
3280290100,,BOYS           ,Tops,BOYS           ,White,https://wtdm.s3-ap-southeast-1.amazonaws.com/03_Prod/Fox/SS20_FTP/328029-1.JPG
3280306800,,BOYS           ,Tops,BOYS           ,Yellow,https://wtdm.s3-ap-southeast-1.amazonaws.com/03_Prod/Fox/SS20_FTP/328030-1.JPG
3280318600,,BOYS           ,Tops,BOYS           ,Light Red,https://wtdm.s3-ap-southeast-1.amazonaws.com/03_Prod/Fox/SS20_FTP/328031-1.JPG
3280320200,,BOYS           ,Tops,BOYS           ,Black,https://wtdm.s3-ap-southeast-1.amazonaws.com/03_Prod/Fox/SS20_FTP/328032-1.JPG
3280337400,,BOYS           ,Tops,BOYS           ,Light Turquoise,https://wtdm.s3-ap-southeast-1.amazonaws.com/03_Prod/Fox/SS20_FTP/328033-1.JPG
3280340100,,BOYS           ,Tops,BOYS           ,White,https://wtdm.s3-ap-southeast-1.amazonaws.com/03_Prod/Fox/SS20_FTP/328034-1.JPG
3280351085,,BOYS           ,Tops,BOYS           ,Dark Navy,https://wtdm.s3-ap-southeast-1.amazonaws.com/03_Prod/Fox/SS20_FTP/328035-1.JPG
3280360100,,BOYS           ,Tops,BOYS           ,White,https://wtdm.s3-ap-southeast-1.amazonaws.com/03_Prod/Fox/SS20_FTP/328036-1.JPG
3280370200,,BOYS           ,Tops,BOYS           ,Black,https://wtdm.s3-ap-southeast-1.amazonaws.com/03_Prod/Fox/SS20_FTP/328037-1.JPG
3280395999,,BOYS           ,Tops,BOYS           ,Ice Grey,https://wtdm.s3-ap-southeast-1.amazonaws.com/03_Prod/Fox/SS20_FTP/328039-2.JPG
3280411100,,BOYS           ,Tops,BOYS           ,Petrol Blue,https://wtdm.s3-ap-southeast-1.amazonaws.com/03_Prod/Fox/SS20_FTP/328041-1.JPG
3280426800,,BOYS           ,Tops,BOYS           ,Yellow,https://wtdm.s3-ap-southeast-1.amazonaws.com/03_Prod/Fox/SS20_FTP/328042-1.JPG
3280430700,,BOYS           ,Tops,BOYS           ,Dark Melange,https://wtdm.s3-ap-southeast-1.amazonaws.com/03_Prod/Fox/SS20_FTP/328043-2.JPG
3280536700,,BOYS           ,Tops,BOYS           ,Light Yellow,https://wtdm.s3-ap-southeast-1.amazonaws.com/03_Prod/Fox/SS20_FTP/32805367-1.JPG
3280545999,,BOYS           ,Tops,BOYS           ,Ice Grey,https://wtdm.s3-ap-southeast-1.amazonaws.com/03_Prod/Fox/SS20_FTP/3280545999-1.JPG
3280565800,,BOYS           ,Tops,BOYS           ,Grey,https://wtdm.s3-ap-southeast-1.amazonaws.com/03_Prod/Fox/SS20_FTP/3280565800-1.JPG
3280599400,,BOYS           ,Tops,BOYS           ,Off White,https://wtdm.s3-ap-southeast-1.amazonaws.com/03_Prod/Fox/SS20_FTP/3280599400-1.JPG
3280601000,,BOYS           ,Tops,BOYS           ,Navy,https://wtdm.s3-ap-southeast-1.amazonaws.com/03_Prod/Fox/SS20_FTP/3280601000-2.JPG
3280632600,,BOYS           ,Tops,BOYS           ,Kotev Gree,https://wtdm.s3-ap-southeast-1.amazonaws.com/03_Prod/Fox/SS20_FTP/3280632600-1.JPG
3280650500,,BOYS           ,Tops,BOYS           ,Grey Melange,https://wtdm.s3-ap-southeast-1.amazonaws.com/03_Prod/Fox/SS20_FTP/328065-1.JPG
3280660200,,BOYS           ,Tops,BOYS           ,Black,https://wtdm.s3-ap-southeast-1.amazonaws.com/03_Prod/Fox/SS20_FTP/328066-1.JPG
3280671000,,BOYS           ,Tops,BOYS           ,Navy,https://wtdm.s3-ap-southeast-1.amazonaws.com/03_Prod/Fox/SS20_FTP/328067-2.JPG
3280690100,,BOYS           ,Tops,BOYS           ,White,https://wtdm.s3-ap-southeast-1.amazonaws.com/03_Prod/Fox/SS20_FTP/3280690100-1.JPG
3280705700,,BOYS           ,Tops,BOYS           ,Dark Grey,https://wtdm.s3-ap-southeast-1.amazonaws.com/03_Prod/Fox/SS20_FTP/3280705700-2.JPG
3280720100,,BOYS           ,Tops,BOYS           ,White,https://wtdm.s3-ap-southeast-1.amazonaws.com/03_Prod/Fox/SS20_FTP/328072-1.JPG
3280730200,,BOYS           ,Tops,BOYS           ,Black,https://wtdm.s3-ap-southeast-1.amazonaws.com/03_Prod/Fox/SS20_FTP/3280730200-1.JPG
3280760100,,BOYS           ,Tops,BOYS           ,White,https://wtdm.s3-ap-southeast-1.amazonaws.com/03_Prod/Fox/SS20_FTP/3280760100-3.JPG
3280770700,,BOYS           ,Tops,BOYS           ,Dark Melange,https://wtdm.s3-ap-southeast-1.amazonaws.com/03_Prod/Fox/SS20_FTP/328077-2.JPG
3280780600,,BOYS           ,Tops,BOYS           ,Black Melange,https://wtdm.s3-ap-southeast-1.amazonaws.com/03_Prod/Fox/SS20_FTP/328078-2.JPG
3280850100,,BOYS           ,Tops,BOYS           ,White,https://wtdm.s3-ap-southeast-1.amazonaws.com/03_Prod/Fox/SS20_FTP/3280850100-3.JPG
3280860500,,BOYS           ,Tops,BOYS           ,Grey Melange,https://wtdm.s3-ap-southeast-1.amazonaws.com/03_Prod/Fox/SS20_FTP/328086-1.JPG
3280875800,,BOYS           ,Tops,BOYS           ,Grey,https://wtdm.s3-ap-southeast-1.amazonaws.com/03_Prod/Fox/SS20_FTP/3280875800-1.JPG
3280881000,,BOYS           ,Tops,BOYS           ,Navy,https://wtdm.s3-ap-southeast-1.amazonaws.com/03_Prod/Fox/SS20_FTP/328088-1.JPG
3280895700,,BOYS           ,Tops,BOYS           ,Dark Grey,https://wtdm.s3-ap-southeast-1.amazonaws.com/03_Prod/Fox/SS20_FTP/3280895700-2.JPG
3280900100,,BOYS           ,Tops,BOYS           ,White,https://wtdm.s3-ap-southeast-1.amazonaws.com/03_Prod/Fox/SS20_FTP/3280900100-1.JPG
3280910900,,BOYS           ,Tops,BOYS           ,Royal Blue,https://wtdm.s3-ap-southeast-1.amazonaws.com/03_Prod/Fox/SS20_FTP/3280910900-1.JPG
3280920200,,BOYS           ,Tops,BOYS           ,Black,https://wtdm.s3-ap-southeast-1.amazonaws.com/03_Prod/Fox/SS20_FTP/328092-5.JPG
3280930700,,BOYS           ,Tops,BOYS           ,Dark Melange,https://wtdm.s3-ap-southeast-1.amazonaws.com/03_Prod/Fox/SS20_FTP/3280930700-1.JPG
3400070200,,BOYS           ,Tops,BOYS           ,Black,https://wtdm.s3-ap-southeast-1.amazonaws.com/03_Prod/Fox/SS20_FTP/3400070200-2.JPG
3471676800,,BOYS           ,Tops,BOYS           ,Yellow,https://wtdm.s3-ap-southeast-1.amazonaws.com/03_Prod/Fox/SS20_FTP/347167-1.JPG
3471688600,,BOYS           ,Tops,BOYS           ,Light Red,https://wtdm.s3-ap-southeast-1.amazonaws.com/03_Prod/Fox/SS20_FTP/347168-2.JPG
3471690200,,BOYS           ,Tops,BOYS           ,Black,https://wtdm.s3-ap-southeast-1.amazonaws.com/03_Prod/Fox/SS20_FTP/347169-1.JPG
3471707400,,BOYS           ,Tops,BOYS           ,Light Turquoise,https://wtdm.s3-ap-southeast-1.amazonaws.com/03_Prod/Fox/SS20_FTP/347170-2.JPG
3471710100,,BOYS           ,Tops,BOYS           ,White,https://wtdm.s3-ap-southeast-1.amazonaws.com/03_Prod/Fox/SS20_FTP/347171-1.JPG
3471721085,,BOYS           ,Tops,BOYS           ,Dark Navy,https://wtdm.s3-ap-southeast-1.amazonaws.com/03_Prod/Fox/SS20_FTP/347172-1.JPG
3471740100,,BOYS           ,Tops,BOYS           ,White,https://wtdm.s3-ap-southeast-1.amazonaws.com/03_Prod/Fox/SS20_FTP/3471740100-1.JPG
3471765700,,BOYS           ,Tops,BOYS           ,Dark Grey,https://wtdm.s3-ap-southeast-1.amazonaws.com/03_Prod/Fox/SS20_FTP/3471765700-2.JPG
3478570100,,BABY-BOYS      ,Tops,BABY-BOYS      ,White,https://wtdm.s3-ap-southeast-1.amazonaws.com/03_Prod/Fox/SS20_FTP/3478570100-1.JPG
3478591000,,BABY-BOYS      ,Tops,BABY-BOYS      ,Navy,https://wtdm.s3-ap-southeast-1.amazonaws.com/03_Prod/Fox/SS20_FTP/3478591000-1.JPG
3478600100,,BABY-GIRL      ,Tops,BABY-GIRL      ,White,https://wtdm.s3-ap-southeast-1.amazonaws.com/03_Prod/Fox/SS20_FTP/3478600100-1.JPG
3478615700,,BABY-GIRL      ,Tops,BABY-GIRL      ,Dark Grey,https://wtdm.s3-ap-southeast-1.amazonaws.com/03_Prod/Fox/SS20_FTP/3478615700-1.JPG
3478622599,,BABY-GIRL      ,Tops,BABY-GIRL      ,Light Fuchsia,https://wtdm.s3-ap-southeast-1.amazonaws.com/03_Prod/Fox/SS20_FTP/3478622599-1.JPG
3478630500,,BABY-GIRL      ,Tops,BABY-GIRL      ,Grey Melange,https://wtdm.s3-ap-southeast-1.amazonaws.com/03_Prod/Fox/SS20_FTP/3478630500-1.JPG
3478666700,,BABY-BOYS      ,Tops,BABY-BOYS      ,Light Yellow,https://wtdm.s3-ap-southeast-1.amazonaws.com/03_Prod/Fox/SS20_FTP/3478666700-2.JPG
3478683701,,BABY-GIRL      ,Tops,BABY-GIRL      ,Light Smoke Pink,https://wtdm.s3-ap-southeast-1.amazonaws.com/03_Prod/Fox/SS20_FTP/3478683701-1.JPG
3506130100,,BABY-GIRL      ,Dresses,BABY-GIRL      ,White,https://wtdm.s3-ap-southeast-1.amazonaws.com/03_Prod/Fox/SS20_FTP/3506130100-1.JPG
3506140500,,BABY-GIRL      ,Dresses,BABY-GIRL      ,Grey Melange,https://wtdm.s3-ap-southeast-1.amazonaws.com/03_Prod/Fox/SS20_FTP/3506140500-2.JPG
3525720900,,BABY-GIRL      ,Tops,BABY-GIRL      ,Royal Blue,https://wtdm.s3-ap-southeast-1.amazonaws.com/03_Prod/Fox/SS20_FTP/3525720900-2.JPG
3525722599,,BABY-GIRL      ,Tops,BABY-GIRL      ,Light Fuchsia,https://wtdm.s3-ap-southeast-1.amazonaws.com/03_Prod/Fox/SS20_FTP/3525722599-1.JPG
3557509956,,BABY-GIRL      ,Dresses,BABY-GIRL      ,Silver,https://wtdm.s3-ap-southeast-1.amazonaws.com/03_Prod/Fox/SS20_FTP/3557509956-1.JPG
3557540100,,BABY-GIRL      ,Dresses,BABY-GIRL      ,White,https://wtdm.s3-ap-southeast-1.amazonaws.com/03_Prod/Fox/SS20_FTP/3557540100-1.JPG
3557580100,,BABY-GIRL      ,Dresses,BABY-GIRL      ,White,https://wtdm.s3-ap-southeast-1.amazonaws.com/03_Prod/Fox/SS20_FTP/3557580100-2.JPG
3557590100,,BABY-GIRL      ,Dresses,BABY-GIRL      ,White,https://wtdm.s3-ap-southeast-1.amazonaws.com/03_Prod/Fox/SS20_FTP/3557590100-1.JPG
3577500100,,BABY-GIRL      ,Dresses,BABY-GIRL      ,White,https://wtdm.s3-ap-southeast-1.amazonaws.com/03_Prod/Fox/SS20_FTP/3577500100-1.JPG
3577500200,,BABY-GIRL      ,Dresses,BABY-GIRL      ,Black,https://wtdm.s3-ap-southeast-1.amazonaws.com/03_Prod/Fox/SS20_FTP/3577500200-2.JPG
3577502500,,BABY-GIRL      ,Dresses,BABY-GIRL      ,Fuchsia,https://wtdm.s3-ap-southeast-1.amazonaws.com/03_Prod/Fox/SS20_FTP/3577502500-1.JPG
3577506800,,BABY-GIRL      ,Dresses,BABY-GIRL      ,Yellow,https://wtdm.s3-ap-southeast-1.amazonaws.com/03_Prod/Fox/SS20_FTP/3577506800-1.JPG
3577510500,,BABY-GIRL      ,Dresses,BABY-GIRL      ,Grey Melange,https://wtdm.s3-ap-southeast-1.amazonaws.com/03_Prod/Fox/SS20_FTP/357751-1.JPG
3577513800,,BABY-GIRL      ,Dresses,BABY-GIRL      ,Pastel Pink,https://wtdm.s3-ap-southeast-1.amazonaws.com/03_Prod/Fox/SS20_FTP/357751-3.JPG
3577553800,,BABY-GIRL      ,Dresses,BABY-GIRL      ,Pastel Pink,https://wtdm.s3-ap-southeast-1.amazonaws.com/03_Prod/Fox/SS20_FTP/3577553800-1.JPG
3577587400,,BABY-GIRL      ,Dresses,BABY-GIRL      ,Light Turquoise,https://wtdm.s3-ap-southeast-1.amazonaws.com/03_Prod/Fox/SS20_FTP/3577587400-1.JPG
3577596700,,BABY-GIRL      ,Dresses,BABY-GIRL      ,Light Yellow,https://wtdm.s3-ap-southeast-1.amazonaws.com/03_Prod/Fox/SS20_FTP/3577596700-1.JPG
3577600100,,BABY-GIRL      ,Dresses,BABY-GIRL      ,White,https://wtdm.s3-ap-southeast-1.amazonaws.com/03_Prod/Fox/SS20_FTP/3577600100-2.JPG
3577611000,,BABY-GIRL      ,Dresses,BABY-GIRL      ,Navy,https://wtdm.s3-ap-southeast-1.amazonaws.com/03_Prod/Fox/SS20_FTP/3577611000-1.JPG
3577632599,,BABY-GIRL      ,Dresses,BABY-GIRL      ,Light Fuchsia,https://wtdm.s3-ap-southeast-1.amazonaws.com/03_Prod/Fox/SS20_FTP/3577632599-1.JPG
3577644399,,BABY-GIRL      ,Dresses,BABY-GIRL      ,Light Purple,https://wtdm.s3-ap-southeast-1.amazonaws.com/03_Prod/Fox/SS20_FTP/357764-1.JPG
3577670500,,BABY-GIRL      ,Dresses,BABY-GIRL      ,Grey Melange,https://wtdm.s3-ap-southeast-1.amazonaws.com/03_Prod/Fox/SS20_FTP/3577670500-1.JPG
3577679400,,BABY-GIRL      ,Dresses,BABY-GIRL      ,Off White,https://wtdm.s3-ap-southeast-1.amazonaws.com/03_Prod/Fox/SS20_FTP/3577679400-1.JPG
3578049956,,BABY-GIRL      ,Tops,BABY-GIRL      ,Silver,https://wtdm.s3-ap-southeast-1.amazonaws.com/03_Prod/Fox/SS20_FTP/3578049956-1.JPG
3596541199,,BABY-GIRL      ,Dresses,BABY-GIRL      ,Light Jeans,https://wtdm.s3-ap-southeast-1.amazonaws.com/03_Prod/Fox/SS20_FTP/3596541199-1.JPG
3596561199,,BABY-GIRL      ,Dresses,BABY-GIRL      ,Light Jeans,https://wtdm.s3-ap-southeast-1.amazonaws.com/03_Prod/Fox/SS20_FTP/3596561199-2.JPG
3596571197,,BABY-GIRL      ,Dresses,BABY-GIRL      ,Black Jeans,https://wtdm.s3-ap-southeast-1.amazonaws.com/03_Prod/Fox/SS20_FTP/3596571197-1.JPG
3755150100,,BABY-GIRL      ,Tops,BABY-GIRL      ,White,https://wtdm.s3-ap-southeast-1.amazonaws.com/03_Prod/Fox/SS20_FTP/3755150100-1.JPG
3875335999,,BABY-GIRL      ,Dresses,BABY-GIRL      ,Ice Grey,https://wtdm.s3-ap-southeast-1.amazonaws.com/03_Prod/Fox/SS20_FTP/3875335999-2.JPG
6106800200,,BABY-GIRL      ,Bottoms,BABY-GIRL      ,Black,https://wtdm.s3-ap-southeast-1.amazonaws.com/03_Prod/Fox/SS20_FTP/6106800200-1.JPG
6106800500,,BABY-GIRL      ,Bottoms,BABY-GIRL      ,Grey Melange,https://wtdm.s3-ap-southeast-1.amazonaws.com/03_Prod/Fox/SS20_FTP/6106800500-1.JPG
6106801085,,BABY-GIRL      ,Bottoms,BABY-GIRL      ,Dark Navy,https://wtdm.s3-ap-southeast-1.amazonaws.com/03_Prod/Fox/SS20_FTP/6106801085-2.JPG
6106802500,,BABY-GIRL      ,Bottoms,BABY-GIRL      ,Fuchsia,https://wtdm.s3-ap-southeast-1.amazonaws.com/03_Prod/Fox/SS20_FTP/6106802500-1.JPG
6106810200,,BABY-GIRL      ,Bottoms,BABY-GIRL      ,Black,https://wtdm.s3-ap-southeast-1.amazonaws.com/03_Prod/Fox/SS20_FTP/6106810200-1.JPG
6106810700,,BABY-GIRL      ,Bottoms,BABY-GIRL      ,Dark Melange,https://wtdm.s3-ap-southeast-1.amazonaws.com/03_Prod/Fox/SS20_FTP/6106810700-2.JPG
6122130700,,BOYS           ,Bottoms,BOYS           ,Dark Melange,https://wtdm.s3-ap-southeast-1.amazonaws.com/03_Prod/Fox/SS20_FTP/612213-1.JPG
6122140200,,BOYS           ,Bottoms,BOYS           ,Black,https://wtdm.s3-ap-southeast-1.amazonaws.com/03_Prod/Fox/SS20_FTP/6122140200-1.JPG
6122165800,,BOYS           ,Bottoms,BOYS           ,Grey,https://wtdm.s3-ap-southeast-1.amazonaws.com/03_Prod/Fox/SS20_FTP/612216-1.JPG
6122172700,,BOYS           ,Bottoms,BOYS           ,Dark Army,https://wtdm.s3-ap-southeast-1.amazonaws.com/03_Prod/Fox/SS20_FTP/6122172700-1.JPG
6122181199,,BOYS           ,Bottoms,BOYS           ,Light Jeans,https://wtdm.s3-ap-southeast-1.amazonaws.com/03_Prod/Fox/SS20_FTP/6122181199-3.JPG
6122191110,,BOYS           ,Bottoms,BOYS           ,Jeans & Navy,https://wtdm.s3-ap-southeast-1.amazonaws.com/03_Prod/Fox/SS20_FTP/6122191110-4.JPG
6122191199,,BOYS           ,Bottoms,BOYS           ,Light Jeans,https://wtdm.s3-ap-southeast-1.amazonaws.com/03_Prod/Fox/SS20_FTP/6122191199-1.JPG
6128671199,,BABY-BOYS      ,Dresses,BABY-BOYS      ,Light Jeans,https://wtdm.s3-ap-southeast-1.amazonaws.com/03_Prod/Fox/SS20_FTP/6128671199-2.JPG
6128680200,,BABY-BOYS      ,Bottoms,BABY-BOYS      ,Black,https://wtdm.s3-ap-southeast-1.amazonaws.com/03_Prod/Fox/SS20_FTP/6128680200-1.JPG
6128680358,,BABY-BOYS      ,Bottoms,BABY-BOYS      ,Grey Grit,https://wtdm.s3-ap-southeast-1.amazonaws.com/03_Prod/Fox/SS20_FTP/6128680358-1.JPG
6128681702,,BABY-BOYS      ,Bottoms,BABY-BOYS      ,Dark Olive,https://wtdm.s3-ap-southeast-1.amazonaws.com/03_Prod/Fox/SS20_FTP/6128681702-1.JPG
6128698400,,BABY-BOYS      ,Bottoms,BABY-BOYS      ,Army Green,https://wtdm.s3-ap-southeast-1.amazonaws.com/03_Prod/Fox/SS20_FTP/6128698400-1.JPG
6128701114,,BABY-BOYS      ,Bottoms,BABY-BOYS      ,Jeans,https://wtdm.s3-ap-southeast-1.amazonaws.com/03_Prod/Fox/SS20_FTP/6128701114-2.JPG
6128711114,,BABY-BOYS      ,Bottoms,BABY-BOYS      ,Jeans,https://wtdm.s3-ap-southeast-1.amazonaws.com/03_Prod/Fox/SS20_FTP/6128711114-1.JPG
6128721197,,BABY-GIRL      ,Bottoms,BABY-GIRL      ,Black Jeans,https://wtdm.s3-ap-southeast-1.amazonaws.com/03_Prod/Fox/SS20_FTP/6128721197-1.JPG
6128723701,,BABY-GIRL      ,Bottoms,BABY-GIRL      ,Light Smoke Pink,https://wtdm.s3-ap-southeast-1.amazonaws.com/03_Prod/Fox/SS20_FTP/6128723701-1.JPG
6157841800,,BABY-BOYS      ,Tops,BABY-BOYS      ,Light Green,https://wtdm.s3-ap-southeast-1.amazonaws.com/03_Prod/Fox/SS20_FTP/6157841800-1.JPG
6157858200,,BABY-BOYS      ,Bottoms,BABY-BOYS      ,Mid Grey,https://wtdm.s3-ap-southeast-1.amazonaws.com/03_Prod/Fox/SS20_FTP/6157858200-1.JPG
6157856361,,BABY-BOYS      ,Bottoms,BABY-BOYS      ,Camel,https://wtdm.s3-ap-southeast-1.amazonaws.com/03_Prod/Fox/SS20_FTP/6157856361-1.JPG
6157861199,,BABY-BOYS      ,Tops,BABY-BOYS      ,Light Jeans,https://wtdm.s3-ap-southeast-1.amazonaws.com/03_Prod/Fox/SS20_FTP/6157861199-2.JPG
6195901199,,BABY-BOYS      ,Bottoms,BABY-BOYS      ,Light Jeans,https://wtdm.s3-ap-southeast-1.amazonaws.com/03_Prod/Fox/SS20_FTP/6195901199-1.JPG
6351850100,,BOYS           ,Tops,BOYS           ,White,https://wtdm.s3-ap-southeast-1.amazonaws.com/03_Prod/Fox/SS20_FTP/63518501-3.JPG
6352140800,,BOYS           ,Tops,BOYS           ,Sky Blue,https://wtdm.s3-ap-southeast-1.amazonaws.com/03_Prod/Fox/SS20_FTP/63521408-4.JPG
6352150800,,BOYS           ,Tops,BOYS           ,Sky Blue,https://wtdm.s3-ap-southeast-1.amazonaws.com/03_Prod/Fox/SS20_FTP/63521508-1.JPG
6356990800,,BABY-BOYS      ,Tops,BABY-BOYS      ,Sky Blue,https://wtdm.s3-ap-southeast-1.amazonaws.com/03_Prod/Fox/SS20_FTP/6356990800-2.JPG
6357010800,,BABY-BOYS      ,Tops,BABY-BOYS      ,Sky Blue,https://wtdm.s3-ap-southeast-1.amazonaws.com/03_Prod/Fox/SS20_FTP/6357010800-2.JPG
6385551085,,BABY-BOYS      ,Tops,BABY-BOYS      ,Dark Navy,https://wtdm.s3-ap-southeast-1.amazonaws.com/03_Prod/Fox/SS20_FTP/638555-5.JPG
6385551100,,BABY-BOYS      ,Tops,BABY-BOYS      ,Petrol Blue,https://wtdm.s3-ap-southeast-1.amazonaws.com/03_Prod/Fox/SS20_FTP/638555-1.JPG
6385552499,,BABY-BOYS      ,Tops,BABY-BOYS      ,Stone Melange,https://wtdm.s3-ap-southeast-1.amazonaws.com/03_Prod/Fox/SS20_FTP/638555-6.JPG
6385556800,,BABY-BOYS      ,Tops,BABY-BOYS      ,Yellow,https://wtdm.s3-ap-southeast-1.amazonaws.com/03_Prod/Fox/SS20_FTP/638555-7.JPG
6385558600,,BABY-BOYS      ,Tops,BABY-BOYS      ,Light Red,https://wtdm.s3-ap-southeast-1.amazonaws.com/03_Prod/Fox/SS20_FTP/638555-2.JPG
6385560100,,BABY-BOYS      ,Tops,BABY-BOYS      ,White,https://wtdm.s3-ap-southeast-1.amazonaws.com/03_Prod/Fox/SS20_FTP/638556-5.JPG
6385561085,,BABY-BOYS      ,Tops,BABY-BOYS      ,Dark Navy,https://wtdm.s3-ap-southeast-1.amazonaws.com/03_Prod/Fox/SS20_FTP/638556-7.JPG
6385561100,,BABY-BOYS      ,Tops,BABY-BOYS      ,Petrol Blue,https://wtdm.s3-ap-southeast-1.amazonaws.com/03_Prod/Fox/SS20_FTP/638556-2.JPG
6385562499,,BABY-BOYS      ,Tops,BABY-BOYS      ,Stone Melange,https://wtdm.s3-ap-southeast-1.amazonaws.com/03_Prod/Fox/SS20_FTP/638556-6.JPG
6385566800,,BABY-BOYS      ,Tops,BABY-BOYS      ,Yellow,https://wtdm.s3-ap-southeast-1.amazonaws.com/03_Prod/Fox/SS20_FTP/638556-4.JPG
6385568600,,BABY-BOYS      ,Tops,BABY-BOYS      ,Light Red,https://wtdm.s3-ap-southeast-1.amazonaws.com/03_Prod/Fox/SS20_FTP/638556-3.JPG
6385640100,,BABY-BOYS      ,Tops,BABY-BOYS      ,White,https://wtdm.s3-ap-southeast-1.amazonaws.com/03_Prod/Fox/SS20_FTP/6385640100-2.JPG
6600200200,,BOYS           ,Outerwear,BOYS           ,Black,https://wtdm.s3-ap-southeast-1.amazonaws.com/03_Prod/Fox/SS20_FTP/6600200200-2.JPG
6605340700,,BABY-BOYS      ,Tops,BABY-BOYS      ,Dark Melange,https://wtdm.s3-ap-southeast-1.amazonaws.com/03_Prod/Fox/SS20_FTP/6605340700-3.JPG
6728310200,,BABY-BOYS      ,Dresses,BABY-BOYS      ,Black,https://wtdm.s3-ap-southeast-1.amazonaws.com/03_Prod/Fox/SS20_FTP/6728310200-2.JPG
7100573945,,GIRLS          ,Bottoms,GIRLS          ,Pink/Purple,https://wtdm.s3-ap-southeast-1.amazonaws.com/03_Prod/Fox/SS20_FTP/7100573945-1.JPG
7100570200,,GIRLS          ,Bottoms,GIRLS          ,Black,https://wtdm.s3-ap-southeast-1.amazonaws.com/03_Prod/Fox/SS20_FTP/7100570200-1.JPG
7102530700,,GIRLS          ,Bottoms,GIRLS          ,Dark Melange,https://wtdm.s3-ap-southeast-1.amazonaws.com/03_Prod/Fox/SS20_FTP/710253-2.JPG
7102540200,,GIRLS          ,Bottoms,GIRLS          ,Black,https://wtdm.s3-ap-southeast-1.amazonaws.com/03_Prod/Fox/SS20_FTP/710254-2.JPG
7102575700,,GIRLS          ,Bottoms,GIRLS          ,Dark Grey,https://wtdm.s3-ap-southeast-1.amazonaws.com/03_Prod/Fox/SS20_FTP/710257-2.JPG
7102630200,,GIRLS          ,Bottoms,GIRLS          ,Black,https://wtdm.s3-ap-southeast-1.amazonaws.com/03_Prod/Fox/SS20_FTP/710263-1.JPG
7102640500,,GIRLS          ,Bottoms,GIRLS          ,Grey Melange,https://wtdm.s3-ap-southeast-1.amazonaws.com/03_Prod/Fox/SS20_FTP/710264-1.JPG
7102670200,,GIRLS          ,Bottoms,GIRLS          ,Black,https://wtdm.s3-ap-southeast-1.amazonaws.com/03_Prod/Fox/SS20_FTP/710267-1.JPG
7102780200,,GIRLS          ,Bottoms,GIRLS          ,Black,https://wtdm.s3-ap-southeast-1.amazonaws.com/03_Prod/Fox/SS20_FTP/710278-3.JPG
7102800600,,GIRLS          ,Bottoms,GIRLS          ,Black Melange,https://wtdm.s3-ap-southeast-1.amazonaws.com/03_Prod/Fox/SS20_FTP/7102800600-1.JPG
7121310200,,GIRLS          ,Bottoms,GIRLS          ,Black,https://wtdm.s3-ap-southeast-1.amazonaws.com/03_Prod/Fox/SS20_FTP/7121310200-1.JPG
7121313800,,GIRLS          ,Bottoms,GIRLS          ,Pastel Pink,https://wtdm.s3-ap-southeast-1.amazonaws.com/03_Prod/Fox/SS20_FTP/7121313800-1.JPG
7121312599,,GIRLS          ,Bottoms,GIRLS          ,Light Fuchsia,https://wtdm.s3-ap-southeast-1.amazonaws.com/03_Prod/Fox/SS20_FTP/7121312599-1.JPG
7121311400,,GIRLS          ,Bottoms,GIRLS          ,Mint,https://wtdm.s3-ap-southeast-1.amazonaws.com/03_Prod/Fox/SS20_FTP/7121311400-1.JPG
7152640100,,GIRLS          ,Bottoms,GIRLS          ,White,https://wtdm.s3-ap-southeast-1.amazonaws.com/03_Prod/Fox/SS20_FTP/715264-7.JPG
7152644100,,GIRLS          ,Bottoms,GIRLS          ,Old Pink,https://wtdm.s3-ap-southeast-1.amazonaws.com/03_Prod/Fox/SS20_FTP/715264-6.JPG
7152642498,,GIRLS          ,Bottoms,GIRLS          ,Light Stone,https://wtdm.s3-ap-southeast-1.amazonaws.com/03_Prod/Fox/SS20_FTP/715264-3.JPG
7192121199,,GIRLS          ,Bottoms,GIRLS          ,Light Jeans,https://wtdm.s3-ap-southeast-1.amazonaws.com/03_Prod/Fox/SS20_FTP/7192121199-1.JPG
7192131114,,GIRLS          ,Bottoms,GIRLS          ,Jeans,https://wtdm.s3-ap-southeast-1.amazonaws.com/03_Prod/Fox/SS20_FTP/7192131114-2.JPG
7192140100,,GIRLS          ,Bottoms,GIRLS          ,White,https://wtdm.s3-ap-southeast-1.amazonaws.com/03_Prod/Fox/SS20_FTP/7192140100-1.JPG
7192181199,,GIRLS          ,Bottoms,GIRLS          ,Light Jeans,https://wtdm.s3-ap-southeast-1.amazonaws.com/03_Prod/Fox/SS20_FTP/7192181199-1.JPG
7301690100,,GIRLS          ,Tops,GIRLS          ,White,https://wtdm.s3-ap-southeast-1.amazonaws.com/03_Prod/Fox/SS20_FTP/7301690100-1.JPG
7301690200,,GIRLS          ,Tops,GIRLS          ,Black,https://wtdm.s3-ap-southeast-1.amazonaws.com/03_Prod/Fox/SS20_FTP/7301690200-2.JPG
7301710200,,GIRLS          ,Tops,GIRLS          ,Black,https://wtdm.s3-ap-southeast-1.amazonaws.com/03_Prod/Fox/SS20_FTP/7301710200-2.JPG
7310110100,,GIRLS          ,Tops,GIRLS          ,White,https://wtdm.s3-ap-southeast-1.amazonaws.com/03_Prod/Fox/SS20_FTP/7310110100-1.JPG
7310120200,,GIRLS          ,Tops,GIRLS          ,Black,https://wtdm.s3-ap-southeast-1.amazonaws.com/03_Prod/Fox/SS20_FTP/7310120200-1.JPG
7310122592,,GIRLS          ,Tops,GIRLS          ,Fuschia & Cerise,https://wtdm.s3-ap-southeast-1.amazonaws.com/03_Prod/Fox/SS20_FTP/7310122592-2.JPG
7383300100,,GIRLS          ,Tops,GIRLS          ,White,https://wtdm.s3-ap-southeast-1.amazonaws.com/03_Prod/Fox/SS20_FTP/738330-1.JPG
7383310500,,GIRLS          ,Tops,GIRLS          ,Grey Melange,https://wtdm.s3-ap-southeast-1.amazonaws.com/03_Prod/Fox/SS20_FTP/73833105-1.JPG
7383333800,,GIRLS          ,Tops,GIRLS          ,Pastel Pink,https://wtdm.s3-ap-southeast-1.amazonaws.com/03_Prod/Fox/SS20_FTP/73833338-2.JPG
7383341400,,GIRLS          ,Tops,GIRLS          ,Mint,https://wtdm.s3-ap-southeast-1.amazonaws.com/03_Prod/Fox/SS20_FTP/73833414-1.JPG
7383350100,,GIRLS          ,Tops,GIRLS          ,White,https://wtdm.s3-ap-southeast-1.amazonaws.com/03_Prod/Fox/SS20_FTP/73833501-1.JPG
7383360200,,GIRLS          ,Tops,GIRLS          ,Black,https://wtdm.s3-ap-southeast-1.amazonaws.com/03_Prod/Fox/SS20_FTP/73833602-1.JPG
7383381000,,GIRLS          ,Tops,GIRLS          ,Navy,https://wtdm.s3-ap-southeast-1.amazonaws.com/03_Prod/Fox/SS20_FTP/73833810-1.JPG
7383390100,,GIRLS          ,Tops,GIRLS          ,White,https://wtdm.s3-ap-southeast-1.amazonaws.com/03_Prod/Fox/SS20_FTP/73833901-1.JPG
7383403800,,GIRLS          ,Tops,GIRLS          ,Pastel Pink,https://wtdm.s3-ap-southeast-1.amazonaws.com/03_Prod/Fox/SS20_FTP/73834038-3.JPG
7383450100,,GIRLS          ,Tops,GIRLS          ,White,https://wtdm.s3-ap-southeast-1.amazonaws.com/03_Prod/Fox/SS20_FTP/738345-10.JPG
7383450500,,GIRLS          ,Tops,GIRLS          ,Grey Melange,https://wtdm.s3-ap-southeast-1.amazonaws.com/03_Prod/Fox/SS20_FTP/738345-3.JPG
7383451000,,GIRLS          ,Tops,GIRLS          ,Navy,https://wtdm.s3-ap-southeast-1.amazonaws.com/03_Prod/Fox/SS20_FTP/738345-6.JPG
7383452599,,GIRLS          ,Tops,GIRLS          ,Light Fuchsia,https://wtdm.s3-ap-southeast-1.amazonaws.com/03_Prod/Fox/SS20_FTP/738345-8.JPG
7383453800,,GIRLS          ,Tops,GIRLS          ,Pastel Pink,https://wtdm.s3-ap-southeast-1.amazonaws.com/03_Prod/Fox/SS20_FTP/738345-5.JPG
7383490100,,GIRLS          ,Tops,GIRLS          ,White,https://wtdm.s3-ap-southeast-1.amazonaws.com/03_Prod/Fox/SS20_FTP/738349-2.JPG
7383501000,,GIRLS          ,Tops,GIRLS          ,Navy,https://wtdm.s3-ap-southeast-1.amazonaws.com/03_Prod/Fox/SS20_FTP/738350-1.JPG
7383512599,,GIRLS          ,Tops,GIRLS          ,Light Fuchsia,https://wtdm.s3-ap-southeast-1.amazonaws.com/03_Prod/Fox/SS20_FTP/738351-1.JPG
7383523800,,GIRLS          ,Tops,GIRLS          ,Pastel Pink,https://wtdm.s3-ap-southeast-1.amazonaws.com/03_Prod/Fox/SS20_FTP/738352-1.JPG
7383536700,,GIRLS          ,Tops,GIRLS          ,Light Yellow,https://wtdm.s3-ap-southeast-1.amazonaws.com/03_Prod/Fox/SS20_FTP/738353-1.JPG
7383540500,,GIRLS          ,Tops,GIRLS          ,Grey Melange,https://wtdm.s3-ap-southeast-1.amazonaws.com/03_Prod/Fox/SS20_FTP/738354-1.JPG
7383623800,,GIRLS          ,Tops,GIRLS          ,Pastel Pink,https://wtdm.s3-ap-southeast-1.amazonaws.com/03_Prod/Fox/SS20_FTP/738362-2.JPG
7383650200,,GIRLS          ,Tops,GIRLS          ,Black,https://wtdm.s3-ap-southeast-1.amazonaws.com/03_Prod/Fox/SS20_FTP/738365-1.JPG
7383719956,,GIRLS          ,Tops,GIRLS          ,Silver,https://wtdm.s3-ap-southeast-1.amazonaws.com/03_Prod/Fox/SS20_FTP/7383719956-3.JPG
7383740100,,GIRLS          ,Tops,GIRLS          ,White,https://wtdm.s3-ap-southeast-1.amazonaws.com/03_Prod/Fox/SS20_FTP/738374-1.JPG
7383782599,,GIRLS          ,Tops,GIRLS          ,Light Fuchsia,https://wtdm.s3-ap-southeast-1.amazonaws.com/03_Prod/Fox/SS20_FTP/738378-1.JPG
7400600200,,GIRLS          ,Tops,GIRLS          ,Black,https://wtdm.s3-ap-southeast-1.amazonaws.com/03_Prod/Fox/SS20_FTP/7400600200-1.JPG
7400610200,,GIRLS          ,Tops,GIRLS          ,Black,https://wtdm.s3-ap-southeast-1.amazonaws.com/03_Prod/Fox/SS20_FTP/740061-2.JPG
7400623945,,GIRLS          ,Tops,GIRLS          ,Pink/Purple,https://wtdm.s3-ap-southeast-1.amazonaws.com/03_Prod/Fox/SS20_FTP/7400623945-1.JPG
7450619400,,GIRLS          ,Tops,GIRLS          ,Off White,https://wtdm.s3-ap-southeast-1.amazonaws.com/03_Prod/Fox/SS20_FTP/7450619400-1.JPG
7472610500,,GIRLS          ,Tops,GIRLS          ,Grey Melange,https://wtdm.s3-ap-southeast-1.amazonaws.com/03_Prod/Fox/SS20_FTP/747261-1.JPG
7501633701,,GIRLS          ,Dresses,GIRLS          ,Light Smoke Pink,https://wtdm.s3-ap-southeast-1.amazonaws.com/03_Prod/Fox/SS20_FTP/7501633701-1.JPG
7501630200,,GIRLS          ,Dresses,GIRLS          ,Black,https://wtdm.s3-ap-southeast-1.amazonaws.com/03_Prod/Fox/SS20_FTP/7501630200-2.JPG
7501650200,,GIRLS          ,Tops,GIRLS          ,Black,https://wtdm.s3-ap-southeast-1.amazonaws.com/03_Prod/Fox/SS20_FTP/750165-5.JPG
7554509956,,GIRLS          ,Dresses,GIRLS          ,Silver,https://wtdm.s3-ap-southeast-1.amazonaws.com/03_Prod/Fox/SS20_FTP/7554509956-2.JPG
7554529400,,GIRLS          ,Dresses,GIRLS          ,Off White,https://wtdm.s3-ap-southeast-1.amazonaws.com/03_Prod/Fox/SS20_FTP/7554529400-1.JPG
7573492500,,GIRLS          ,Dresses,GIRLS          ,Fuchsia,https://wtdm.s3-ap-southeast-1.amazonaws.com/03_Prod/Fox/SS20_FTP/7573492500-1.JPG
7573500500,,GIRLS          ,Dresses,GIRLS          ,Grey Melange,https://wtdm.s3-ap-southeast-1.amazonaws.com/03_Prod/Fox/SS20_FTP/7573500500-1.JPG
7573517600,,GIRLS          ,Dresses,GIRLS          ,Lemon,https://wtdm.s3-ap-southeast-1.amazonaws.com/03_Prod/Fox/SS20_FTP/7573517600-1.JPG
7573531085,,GIRLS          ,Dresses,GIRLS          ,Dark Navy,https://wtdm.s3-ap-southeast-1.amazonaws.com/03_Prod/Fox/SS20_FTP/7573531085-2.JPG
7573563998,,GIRLS          ,Dresses,GIRLS          ,Gum Pink,https://wtdm.s3-ap-southeast-1.amazonaws.com/03_Prod/Fox/SS20_FTP/7573569338-1.JPG
7573563899,,GIRLS          ,Dresses,GIRLS          ,Light Pink,https://wtdm.s3-ap-southeast-1.amazonaws.com/03_Prod/Fox/SS20_FTP/7573563998-1.JPG
7573560500,,GIRLS          ,Dresses,GIRLS          ,Grey Melange,https://wtdm.s3-ap-southeast-1.amazonaws.com/03_Prod/Fox/SS20_FTP/7573560500-2.JPG
7573560200,,GIRLS          ,Dresses,GIRLS          ,Black,https://wtdm.s3-ap-southeast-1.amazonaws.com/03_Prod/Fox/SS20_FTP/7573560200-2.JPG
7573590700,,GIRLS          ,Dresses,GIRLS          ,Dark Melange,https://wtdm.s3-ap-southeast-1.amazonaws.com/03_Prod/Fox/SS20_FTP/7573590700-3.JPG
7573605700,,GIRLS          ,Dresses,GIRLS          ,Dark Grey,https://wtdm.s3-ap-southeast-1.amazonaws.com/03_Prod/Fox/SS20_FTP/7573605700-1.JPG
7573619400,,GIRLS          ,Dresses,GIRLS          ,Off White,https://wtdm.s3-ap-southeast-1.amazonaws.com/03_Prod/Fox/SS20_FTP/7573619400-2.JPG
7573629400,,GIRLS          ,Dresses,GIRLS          ,Off White,https://wtdm.s3-ap-southeast-1.amazonaws.com/03_Prod/Fox/SS20_FTP/7573629400-1.JPG
7592641199,,GIRLS          ,Tops,GIRLS          ,Light Jeans,https://wtdm.s3-ap-southeast-1.amazonaws.com/03_Prod/Fox/SS20_FTP/7592641199-1.JPG
7592650100,,GIRLS          ,Dresses,GIRLS          ,White,https://wtdm.s3-ap-southeast-1.amazonaws.com/03_Prod/Fox/SS20_FTP/7592650100-1.JPG
7592663900,,GIRLS          ,Tops,GIRLS          ,Pink Bazooka,https://wtdm.s3-ap-southeast-1.amazonaws.com/03_Prod/Fox/SS20_FTP/7592663900-2.JPG
7592671114,,GIRLS          ,Tops,GIRLS          ,Jeans,https://wtdm.s3-ap-southeast-1.amazonaws.com/03_Prod/Fox/SS20_FTP/7592671114-3.JPG
7715528200,,N.B BOYS       ,Tops,N.B BOYS       ,Mid Grey,https://wtdm.s3-ap-southeast-1.amazonaws.com/03_Prod/Fox/SS20_FTP/7715528200-1.JPG
7715533800,,N.B GIRLS      ,Tops,N.B GIRLS      ,Pastel Pink,https://wtdm.s3-ap-southeast-1.amazonaws.com/03_Prod/Fox/SS20_FTP/7715533800-5.JPG
7775128200,,N.B GIRLS      ,Tops,N.B GIRLS      ,Mid Grey,https://wtdm.s3-ap-southeast-1.amazonaws.com/03_Prod/Fox/SS20_FTP/7775128200-1.JPG
7775130100,,N.B BOYS       ,Tops,N.B BOYS       ,White,https://wtdm.s3-ap-southeast-1.amazonaws.com/03_Prod/Fox/SS20_FTP/7775130100-2.JPG
7818541400,,N.B GIRLS      ,One-piece,N.B GIRLS      ,Mint,https://wtdm.s3-ap-southeast-1.amazonaws.com/03_Prod/Fox/SS20_FTP/7818541400-1.JPG
7818543800,,N.B GIRLS      ,One-piece,N.B GIRLS      ,Pastel Pink,https://wtdm.s3-ap-southeast-1.amazonaws.com/03_Prod/Fox/SS20_FTP/7818543800-1.JPG
7818570100,,N.B UNISEX     ,One-piece,N.B UNISEX     ,White,https://wtdm.s3-ap-southeast-1.amazonaws.com/03_Prod/Fox/SS20_FTP/7818570100-2.JPG
7818576700,,N.B UNISEX     ,One-piece,N.B UNISEX     ,Light Yellow,https://wtdm.s3-ap-southeast-1.amazonaws.com/03_Prod/Fox/SS20_FTP/7818576700-3.JPG
7818577400,,N.B UNISEX     ,One-piece,N.B UNISEX     ,Light Turquoise,https://wtdm.s3-ap-southeast-1.amazonaws.com/03_Prod/Fox/SS20_FTP/7818577400-1.JPG
7818575700,,N.B UNISEX     ,One-piece,N.B UNISEX     ,Dark Grey,https://wtdm.s3-ap-southeast-1.amazonaws.com/03_Prod/Fox/SS20_FTP/7818575700-1.JPG
7818571000,,N.B UNISEX     ,One-piece,N.B UNISEX     ,Navy,https://wtdm.s3-ap-southeast-1.amazonaws.com/03_Prod/Fox/SS20_FTP/7818571000-2.JPG
7818580500,,N.B UNISEX     ,One-piece,N.B UNISEX     ,Grey Melange,https://wtdm.s3-ap-southeast-1.amazonaws.com/03_Prod/Fox/SS20_FTP/7818580500-1.JPG
7818582599,,N.B UNISEX     ,One-piece,N.B UNISEX     ,Light Fuchsia,https://wtdm.s3-ap-southeast-1.amazonaws.com/03_Prod/Fox/SS20_FTP/7818582599-1.JPG
7819151000,,N.B GIRLS      ,One-piece,N.B GIRLS      ,Navy,https://wtdm.s3-ap-southeast-1.amazonaws.com/03_Prod/Fox/SS20_FTP/7819151000-2.JPG
7819156700,,N.B GIRLS      ,One-piece,N.B GIRLS      ,Light Yellow,https://wtdm.s3-ap-southeast-1.amazonaws.com/03_Prod/Fox/SS20_FTP/7819156700-1.JPG
7819165700,,N.B BOYS       ,One-piece,N.B BOYS       ,Dark Grey,https://wtdm.s3-ap-southeast-1.amazonaws.com/03_Prod/Fox/SS20_FTP/7819165700-1.JPG
7819167400,,N.B BOYS       ,One-piece,N.B BOYS       ,Light Turquoise,https://wtdm.s3-ap-southeast-1.amazonaws.com/03_Prod/Fox/SS20_FTP/7819167400-1.JPG
7850029956,,GIRLS          ,Tops,GIRLS          ,Silver,https://wtdm.s3-ap-southeast-1.amazonaws.com/03_Prod/Fox/SS20_FTP/7850029956-3.JPG
7870267600,,GIRLS          ,Dresses,GIRLS          ,Lemon,https://wtdm.s3-ap-southeast-1.amazonaws.com/03_Prod/Fox/SS20_FTP/7870267600-1.JPG
7870270200,,GIRLS          ,Dresses,GIRLS          ,Black,https://wtdm.s3-ap-southeast-1.amazonaws.com/03_Prod/Fox/SS20_FTP/7870270200-2.JPG
7870282500,,GIRLS          ,Dresses,GIRLS          ,Fuchsia,https://wtdm.s3-ap-southeast-1.amazonaws.com/03_Prod/Fox/SS20_FTP/7870282500-1.JPG
7870290500,,GIRLS          ,Dresses,GIRLS          ,Grey Melange,https://wtdm.s3-ap-southeast-1.amazonaws.com/03_Prod/Fox/SS20_FTP/7870290500-2.JPG
7875120500,,N.B GIRLS      ,One-piece,N.B GIRLS      ,Grey Melange,https://wtdm.s3-ap-southeast-1.amazonaws.com/03_Prod/Fox/SS20_FTP/787512-1.JPG
7875130500,,N.B BOYS       ,One-piece,N.B BOYS       ,Grey Melange,https://wtdm.s3-ap-southeast-1.amazonaws.com/03_Prod/Fox/SS20_FTP/7875130500-1.JPG
7875140100,,N.B GIRLS      ,One-piece,N.B GIRLS      ,White,https://wtdm.s3-ap-southeast-1.amazonaws.com/03_Prod/Fox/SS20_FTP/7875140100-1.JPG
7875142599,,N.B GIRLS      ,One-piece,N.B GIRLS      ,Light Fuchsia,https://wtdm.s3-ap-southeast-1.amazonaws.com/03_Prod/Fox/SS20_FTP/7875142599-1.JPG
7875158200,,N.B BOYS       ,One-piece,N.B BOYS       ,Mid Grey,https://wtdm.s3-ap-southeast-1.amazonaws.com/03_Prod/Fox/SS20_FTP/7875158200-1.JPG
7875150800,,N.B BOYS       ,One-piece,N.B BOYS       ,Sky Blue,https://wtdm.s3-ap-southeast-1.amazonaws.com/03_Prod/Fox/SS20_FTP/7875150800-1.JPG
7875161000,,N.B BOYS       ,One-piece,N.B BOYS       ,Navy,https://wtdm.s3-ap-southeast-1.amazonaws.com/03_Prod/Fox/SS20_FTP/7875161000-1.JPG
7875162499,,N.B BOYS       ,One-piece,N.B BOYS       ,Stone Melange,https://wtdm.s3-ap-southeast-1.amazonaws.com/03_Prod/Fox/SS20_FTP/7875162499-1.JPG
7875169996,,N.B BOYS       ,One-piece,N.B BOYS       ,Green,https://wtdm.s3-ap-southeast-1.amazonaws.com/03_Prod/Fox/SS20_FTP/7875169996-1.JPG
7875166800,,N.B BOYS       ,One-piece,N.B BOYS       ,Yellow,https://wtdm.s3-ap-southeast-1.amazonaws.com/03_Prod/Fox/SS20_FTP/7875166800-2.JPG
7878532499,,N.B BOYS       ,One-piece,N.B BOYS       ,Stone Melange,https://wtdm.s3-ap-southeast-1.amazonaws.com/03_Prod/Fox/SS20_FTP/7878532499-2.JPG
7878570100,,N.B GIRLS      ,One-piece,N.B GIRLS      ,White,https://wtdm.s3-ap-southeast-1.amazonaws.com/03_Prod/Fox/SS20_FTP/7878570100-1.JPG
7878573800,,N.B GIRLS      ,One-piece,N.B GIRLS      ,Pastel Pink,https://wtdm.s3-ap-southeast-1.amazonaws.com/03_Prod/Fox/SS20_FTP/7878573800-2.JPG
7878581400,,N.B GIRLS      ,One-piece,N.B GIRLS      ,Mint,https://wtdm.s3-ap-southeast-1.amazonaws.com/03_Prod/Fox/SS20_FTP/7878581400-1.JPG
7878586600,,N.B GIRLS      ,One-piece,N.B GIRLS      ,Banana,https://wtdm.s3-ap-southeast-1.amazonaws.com/03_Prod/Fox/SS20_FTP/7878586600-1.JPG
7890170100,,GIRLS          ,Tops,GIRLS          ,White,https://wtdm.s3-ap-southeast-1.amazonaws.com/03_Prod/Fox/SS20_FTP/7890170100-1.JPG
7890171199,,GIRLS          ,Tops,GIRLS          ,Light Jeans,https://wtdm.s3-ap-southeast-1.amazonaws.com/03_Prod/Fox/SS20_FTP/7890171199-2.JPG
8102693701,,GIRLS          ,Bottoms,GIRLS          ,Light Smoke Pink,https://wtdm.s3-ap-southeast-1.amazonaws.com/03_Prod/Fox/SS20_FTP/8102693701-2.JPG
8102699956,,GIRLS          ,Bottoms,GIRLS          ,Silver,https://wtdm.s3-ap-southeast-1.amazonaws.com/03_Prod/Fox/SS20_FTP/8102699956-4.JPG
8170060200,,GIRLS          ,Bottoms,GIRLS          ,Black,https://wtdm.s3-ap-southeast-1.amazonaws.com/03_Prod/Fox/SS20_FTP/8170060200-1.JPG
8170062592,,GIRLS          ,Bottoms,GIRLS          ,Fuschia & Cerise,https://wtdm.s3-ap-southeast-1.amazonaws.com/03_Prod/Fox/SS20_FTP/8170062592-1.JPG
8192111199,,GIRLS          ,Bottoms,GIRLS          ,Light Jeans,https://wtdm.s3-ap-southeast-1.amazonaws.com/03_Prod/Fox/SS20_FTP/8192111199-1.JPG
8192120100,,GIRLS          ,Bottoms,GIRLS          ,White,https://wtdm.s3-ap-southeast-1.amazonaws.com/03_Prod/Fox/SS20_FTP/8192120100.JPG
8192140100,,GIRLS          ,Bottoms,GIRLS          ,White,https://wtdm.s3-ap-southeast-1.amazonaws.com/03_Prod/Fox/SS20_FTP/8192140100-1.JPG
8621210200,,GIRLS          ,Outerwear,GIRLS          ,Black,https://wtdm.s3-ap-southeast-1.amazonaws.com/03_Prod/Fox/SS20_FTP/862121-4.JPG
8660740200,,GIRLS          ,Outerwear,GIRLS          ,Black,https://wtdm.s3-ap-southeast-1.amazonaws.com/03_Prod/Fox/SS20_FTP/8660740200-4.JPG
8717479400,,N.B BOYS       ,Tops,N.B BOYS       ,Off White,https://wtdm.s3-ap-southeast-1.amazonaws.com/03_Prod/Fox/SS20_FTP/8717479400-1.JPG
8717485200,,N.B GIRLS      ,Tops,N.B GIRLS      ,Red,https://wtdm.s3-ap-southeast-1.amazonaws.com/03_Prod/Fox/SS20_FTP/8717485200-1.JPG
8717497300,,N.B BOYS       ,Tops,N.B BOYS       ,Mustard,https://wtdm.s3-ap-southeast-1.amazonaws.com/03_Prod/Fox/SS20_FTP/8717497300-2.JPG
8717503800,,N.B GIRLS      ,Tops,N.B GIRLS      ,Pastel Pink,https://wtdm.s3-ap-southeast-1.amazonaws.com/03_Prod/Fox/SS20_FTP/8717503800-2.JPG
8717520900,,N.B BOYS       ,Tops,N.B BOYS       ,Royal Blue,https://wtdm.s3-ap-southeast-1.amazonaws.com/03_Prod/Fox/SS20_FTP/8717520200-1.JPG
8717540200,,N.B BOYS       ,Tops,N.B BOYS       ,Black,https://wtdm.s3-ap-southeast-1.amazonaws.com/03_Prod/Fox/SS20_FTP/8717540200-1.JPG
8886903800,,N.B GIRLS      ,One-piece,N.B GIRLS      ,Pastel Pink,https://wtdm.s3-ap-southeast-1.amazonaws.com/03_Prod/Fox/SS20_FTP/8886903800-1.JPG
8886902599,,N.B GIRLS      ,One-piece,N.B GIRLS      ,Light Fuchsia,https://wtdm.s3-ap-southeast-1.amazonaws.com/03_Prod/Fox/SS20_FTP/8886902599-3.JPG
8886900500,,N.B GIRLS      ,One-piece,N.B GIRLS      ,Grey Melange,https://wtdm.s3-ap-southeast-1.amazonaws.com/03_Prod/Fox/SS20_FTP/8886900500-1.JPG
8886910100,,N.B GIRLS      ,One-piece,N.B GIRLS      ,White,https://wtdm.s3-ap-southeast-1.amazonaws.com/03_Prod/Fox/SS20_FTP/8886910100-1.JPG
8886950100,,N.B BOYS       ,One-piece,N.B BOYS       ,White,https://wtdm.s3-ap-southeast-1.amazonaws.com/03_Prod/Fox/SS20_FTP/8886950100-1.JPG
8886958200,,N.B BOYS       ,One-piece,N.B BOYS       ,Mid Grey,https://wtdm.s3-ap-southeast-1.amazonaws.com/03_Prod/Fox/SS20_FTP/8886958200-1.JPG
8886960800,,N.B BOYS       ,One-piece,N.B BOYS       ,Sky Blue,https://wtdm.s3-ap-southeast-1.amazonaws.com/03_Prod/Fox/SS20_FTP/8886960800-1.JPG
8886976800,,N.B BOYS       ,One-piece,N.B BOYS       ,Yellow,https://wtdm.s3-ap-southeast-1.amazonaws.com/03_Prod/Fox/SS20_FTP/8886976800-1.JPG
8886979996,,N.B BOYS       ,One-piece,N.B BOYS       ,Green,https://wtdm.s3-ap-southeast-1.amazonaws.com/03_Prod/Fox/SS20_FTP/8886979996-1.JPG
9251680200,,BABY BOYS ACCES,Accessories,BABY BOYS ACCES,Black,https://wtdm.s3-ap-southeast-1.amazonaws.com/03_Prod/Fox/SS20_FTP/9251680200-4.JPG
9493110100,,BABY GIRL ACCES,Accessories,BABY GIRL ACCES,White,https://wtdm.s3-ap-southeast-1.amazonaws.com/03_Prod/Fox/SS20_FTP/9493110100-3.JPG
9493120100,,BABY GIRL ACCES,Accessories,BABY GIRL ACCES,White,https://wtdm.s3-ap-southeast-1.amazonaws.com/03_Prod/Fox/SS20_FTP/9493120100-2.JPG
9493133701,,BABY GIRL ACCES,Accessories,BABY GIRL ACCES,Light Smoke Pink,https://wtdm.s3-ap-southeast-1.amazonaws.com/03_Prod/Fox/SS20_FTP/9493133701-1.JPG
9493150500,,BABY BOYS ACCES,Accessories,BABY BOYS ACCES,Grey Melange,https://wtdm.s3-ap-southeast-1.amazonaws.com/03_Prod/Fox/SS20_FTP/9493150500-1.JPG
9493161199,,BABY BOYS ACCES,Accessories,BABY BOYS ACCES,Light Jeans,https://wtdm.s3-ap-southeast-1.amazonaws.com/03_Prod/Fox/SS20_FTP/9493161199-1.JPG
9820532599,,BABY GIRL ACCES,Accessories,BABY GIRL ACCES,Light Fuchsia,https://wtdm.s3-ap-southeast-1.amazonaws.com/03_Prod/Fox/SS20_FTP/9820532599-2.JPG
9820540200,,BABY BOYS ACCES,Accessories,BABY BOYS ACCES,Black,https://wtdm.s3-ap-southeast-1.amazonaws.com/03_Prod/Fox/SS20_FTP/9820540200-1.JPG
9820551085,,BABY BOYS ACCES,Accessories,BABY BOYS ACCES,Dark Navy,https://wtdm.s3-ap-southeast-1.amazonaws.com/03_Prod/Fox/SS20_FTP/9820551085-1.JPG
9820577400,,BABY GIRL ACCES,Accessories,BABY GIRL ACCES,Light Turquoise,https://wtdm.s3-ap-southeast-1.amazonaws.com/03_Prod/Fox/SS20_FTP/9820577400-2.JPG
9912619400,,BABY GIRL ACCES,Accessories,BABY GIRL ACCES,Off White,https://wtdm.s3-ap-southeast-1.amazonaws.com/03_Prod/Fox/SS20_FTP/9912619400-2.JPG
9912621199,,BABY GIRL ACCES,Accessories,BABY GIRL ACCES,Light Jeans,https://wtdm.s3-ap-southeast-1.amazonaws.com/03_Prod/Fox/SS20_FTP/9912621199-1.JPG
9912639956,,BABY GIRL ACCES,Accessories,BABY GIRL ACCES,Silver,https://wtdm.s3-ap-southeast-1.amazonaws.com/03_Prod/Fox/SS20_FTP/9912639956-1.JPG
9912641000,,BABY BOYS ACCES,Accessories,BABY BOYS ACCES,Navy,https://wtdm.s3-ap-southeast-1.amazonaws.com/03_Prod/Fox/SS20_FTP/9912641000-1.JPG
9912652599,,BABY GIRL ACCES,Accessories,BABY GIRL ACCES,Light Fuchsia,https://wtdm.s3-ap-southeast-1.amazonaws.com/03_Prod/Fox/SS20_FTP/9912652599-1.JPG
9912661800,,BABY BOYS ACCES,Accessories,BABY BOYS ACCES,Light Green,https://wtdm.s3-ap-southeast-1.amazonaws.com/03_Prod/Fox/SS20_FTP/9912661800-1.JPG
9912671100,,BABY BOYS ACCES,Accessories,BABY BOYS ACCES,Petrol Blue,https://wtdm.s3-ap-southeast-1.amazonaws.com/03_Prod/Fox/SS20_FTP/9912671100-1.JPG
9961481085,,GIRLS          ,Accessories,GIRLS          ,Dark Navy,https://wtdm.s3-ap-southeast-1.amazonaws.com/03_Prod/Fox/SS20_FTP/996148-1.JPG
9961520100,,GIRLS          ,Accessories,GIRLS          ,White,https://wtdm.s3-ap-southeast-1.amazonaws.com/03_Prod/Fox/SS20_FTP/9961520100-2.JPG
9961560100,,GIRLS          ,Accessories,GIRLS          ,White,https://wtdm.s3-ap-southeast-1.amazonaws.com/03_Prod/Fox/SS20_FTP/9961560100-1.JPG
9961571000,,BOYS           ,Accessories,BOYS           ,Navy,https://wtdm.s3-ap-southeast-1.amazonaws.com/03_Prod/Fox/SS20_FTP/9961571000-2.JPG
9961590700,,BOYS           ,Accessories,BOYS           ,Dark Melange,https://wtdm.s3-ap-southeast-1.amazonaws.com/03_Prod/Fox/SS20_FTP/99615907-1.JPG
9961601000,,BOYS           ,Accessories,BOYS           ,Navy,https://wtdm.s3-ap-southeast-1.amazonaws.com/03_Prod/Fox/SS20_FTP/9961601000-1.JPG
9961681085,,GIRLS          ,Accessories,GIRLS          ,Dark Navy,https://wtdm.s3-ap-southeast-1.amazonaws.com/03_Prod/Fox/SS20_FTP/996168-2.JPG
9961690100,,GIRLS          ,Accessories,GIRLS          ,White,https://wtdm.s3-ap-southeast-1.amazonaws.com/03_Prod/Fox/SS20_FTP/996169-1.JPG
9973475999,,BABY-BOYS      ,Accessories,BABY-BOYS      ,Ice Grey,https://wtdm.s3-ap-southeast-1.amazonaws.com/03_Prod/Fox/SS20_FTP/9973475999-1.JPG
9973501085,,BABY-BOYS      ,Accessories,BABY-BOYS      ,Dark Navy,https://wtdm.s3-ap-southeast-1.amazonaws.com/03_Prod/Fox/SS20_FTP/9973501085-2.JPG
9973513900,,BABY-GIRL      ,Accessories,BABY-GIRL      ,Pink Bazooka,https://wtdm.s3-ap-southeast-1.amazonaws.com/03_Prod/Fox/SS20_FTP/9973513900-1.JPG
9973520800,,BABY-GIRL      ,Accessories,BABY-GIRL      ,Sky Blue,https://wtdm.s3-ap-southeast-1.amazonaws.com/03_Prod/Fox/SS20_FTP/9973520800-2.JPG
9973571085,,BABY-GIRL      ,Accessories,BABY-GIRL      ,Dark Navy,https://wtdm.s3-ap-southeast-1.amazonaws.com/03_Prod/Fox/SS20_FTP/9973571085-1.JPG
9973581100,,BABY-BOYS      ,Accessories,BABY-BOYS      ,Petrol Blue,https://wtdm.s3-ap-southeast-1.amazonaws.com/03_Prod/Fox/SS20_FTP/9973581100-2.JPG
